{"final_test_accuracy":1,"test_accuracy":1,"_timestamp":1.7576503466296043e+09,"step":99,"test_loss":0.029816146939992905,"_wandb":{"runtime":239},"_runtime":239,"train_loss":0.0042868913151323795,"_step":100}