{"_runtime":8358,"_step":3231,"_timestamp":1.7576674955359633e+09,"_wandb":{"runtime":8358},"step":99,"layer":31,"test_accuracy":1,"final_test_accuracy":1,"train_loss":0.022086750715970993,"test_loss":0.02944198064506054}