{"test_accuracy":0.9733333587646484,"test_loss":0.19672448933124542,"train_loss":0.15982599556446075,"_timestamp":1.757710887976619e+09,"_step":99,"layer":16,"final_test_accuracy":0.9733333587646484,"final_test_loss":0.19672448933124542,"step":99,"_wandb":{"runtime":313},"_runtime":313.135487848}