{"_step":76,"step":76,"_runtime":194,"layer":1,"test_loss":1.0292108058929443,"test_accuracy":0.6500000357627869,"_wandb":{"runtime":194},"_timestamp":1.757658971713789e+09,"train_loss":0.9918188452720642}