{"test_accuracy":1,"layer":25,"test_loss":0.012256151996552944,"_runtime":307.144708888,"train_loss":0.003930329345166683,"final_test_accuracy":1,"_wandb":{"runtime":307},"_step":99,"final_test_loss":0.012256151996552944,"step":99,"_timestamp":1.7577137336431022e+09}